INVOICENO,Description,Name
538372,"PENCIL CASE LIFE IS BEAUTIFUL",NULL
537059,"SKULLS  WATER TRANSFER TATTOOS ",NULL
537861,"CHRISTMAS GINGHAM STAR",NULL
538875,"BOX OF VINTAGE ALPHABET BLOCKS",NULL
539143,"REGENCY CAKESTAND 3 TIER",NULL
541292,"WASH BAG VINTAGE ROSE PAISLEY",NULL
540832,"EMPIRE UNION JACK TV DINNER TRAY",NULL
541114,"RIDGED GLASS POSY VASE ",NULL
538371,"SET OF 72 GREEN PAPER DOILIES",NULL
542102,"BLACK RECORD COVER FRAME",NULL
538193,"12 PENCILS SMALL TUBE SKULL",NULL
541425,"PAPERWEIGHT VINTAGE COLLAGE",NULL
539401,"HOMEMADE JAM SCENTED CANDLES",NULL
539201,"HEART OF WICKER LARGE",NULL
540548,"SET OF 3 COLOURED  FLYING DUCKS",NULL
542541,"CHRISTMAS LIGHTS 10 VINTAGE BAUBLES",NULL
539272,"CERAMIC HEART FAIRY CAKE MONEY BANK",NULL
537675,"BLACK LOVE BIRD CANDLE",NULL
543350,"SET OF 3 NOTEBOOKS IN PARCEL",NULL
539144,"ENAMEL WATERING CAN CREAM",NULL
538839,"VINTAGE UNION JACK APRON",NULL
542611,"HOOK, 1 HANGER ,MAGIC GARDEN",NULL
537896,"FELTCRAFT CHRISTMAS FAIRY",NULL
542372,"RED WOOLLY HOTTIE WHITE HEART.",NULL
541872,"WHITE TRAVEL ALARM CLOCK",NULL
541615,"LARGE PURPLE BABUSHKA NOTEBOOK  ",NULL
542428,"WORLD WAR 2 GLIDERS ASSTD DESIGNS",NULL
538037,"HAND WARMER SCOTTY DOG DESIGN",NULL
542416,"VINTAGE HEADS AND TAILS CARD GAME ",NULL
537139,"CARD CIRCUS PARADE",NULL
538350,"JAM MAKING SET WITH JARS",NULL
542885,"SET OF 20 KIDS COOKIE CUTTERS",NULL
538160,"FELTCRAFT HAIRBAND PINK AND PURPLE",NULL
541014,"SMALL GLASS HEART TRINKET POT",NULL
536789,"FANCY FONT BIRTHDAY CARD, ",NULL
542259,"FULL ENGLISH BREAKFAST PLATE",NULL
540126,"RED WOOLLY HOTTIE WHITE HEART.",NULL
539033,"6 RIBBONS RUSTIC CHARM",NULL
538507,"NO JUNK MAIL METAL SIGN",NULL
542115,"PACK OF 12 SKULL TISSUES",NULL
541676,"VINTAGE CREAM DOG FOOD CONTAINER",NULL
540182,"FEATHER PEN,COAL BLACK",NULL
541694,"ASSORTED BOTTLE TOP  MAGNETS ",NULL
538902,"VINTAGE SNAP CARDS",NULL
541883,"HAND TOWEL PINK FLOWER AND DAISY",NULL
538088,"HEART OF WICKER SMALL",NULL
538872,"DOCTOR'S BAG SOFT TOY",NULL
538076,"RETROSPOT GIANT TUBE MATCHES",NULL
537872,"3D DOG PICTURE PLAYING CARDS",NULL
542536,"ALPHABET STENCIL CRAFT",NULL
543251,"CHRISTMAS RETROSPOT HEART WOOD",NULL
538632,"CARD PARTY GAMES ",NULL
538409,"GREEN CHRISTMAS TREE CARD HOLDER",NULL
538002," SET 2 TEA TOWELS I LOVE LONDON ",NULL
541974,"WHITE HANGING HEART T-LIGHT HOLDER",NULL
542921,"BUTTON BOX ",NULL
541505,"FELTCRAFT CUSHION BUTTERFLY",NULL
536748,"SMALL POPCORN HOLDER",NULL
539458,"RED WOOLLY HOTTIE WHITE HEART.",NULL
537360,"JAM MAKING SET PRINTED",NULL
536380,"BOX OF 6 ASSORTED COLOUR TEASPOONS",NULL
541849,"MIDNIGHT GLAMOUR SCARF KNITTING KIT",NULL
536500,"WOODEN FRAME ANTIQUE WHITE ",NULL
537657,"COLOURING PENCILS BROWN TUBE",NULL
539921,"VINTAGE SHELLS PRINT",NULL
542600,"BLUE STRIPE CERAMIC DRAWER KNOB",NULL
538198,"VICTORIAN  METAL POSTCARD SPRING",NULL
542227,"HAND WARMER UNION JACK",NULL
537158,"CARD BIRTHDAY COWBOY",NULL
541860,"SET OF 3 BUTTERFLY COOKIE CUTTERS",NULL
540527,"BATH BUILDING BLOCK WORD",NULL
541597,"RIBBON REEL SNOWY VILLAGE",NULL
541833,"GRAND CHOCOLATECANDLE",NULL
538403,"STAR PORTABLE TABLE LIGHT ",NULL
542268,"APPLE BATH SPONGE",NULL
539109,"TOY TIDY SPACEBOY  ",NULL
540307,"OFFICE MUG WARMER PINK",NULL
540683,"MAKE YOUR OWN MONSOON CARD KIT",NULL
539435,"SCOTTIE DOGS BABY BIB",NULL
542085,"DIAMANTE HEART SHAPED WALL MIRROR, ",NULL
539034,"RIBBON REEL POLKADOTS ",NULL
540562,"CHICK GREY HOT WATER BOTTLE",NULL
538889,"JUMBO SHOPPER VINTAGE RED PAISLEY",NULL
541882,"MINT GREEN ROSE TOWEL",NULL
538705,"CHOCOLATE HOT WATER BOTTLE",NULL
536569,"FELT EGG COSY CHICKEN",NULL
536526,"SAVE THE PLANET MUG",NULL
541523,"SET OF 6 SOLDIER SKITTLES",NULL
536970,"SANDWICH BATH SPONGE",NULL
537629,"CERAMIC PIRATE CHEST MONEY BANK",NULL
538826,"HOMEMADE JAM SCENTED CANDLES",NULL
538112,"BLUE PARTY BAGS ",NULL
537312,"GREEN POLKADOT PLATE ",NULL
538052,"PINK HEART DOTS HOT WATER BOTTLE",NULL
538107,"SWISS ROLL TOWEL, CHOCOLATE  SPOTS",NULL
542991,"RED RETROSPOT OVEN GLOVE ",NULL
538104,"SET OF 72 GREEN PAPER DOILIES",NULL
538263,"HAND WARMER OWL DESIGN",NULL
542584,"EMPIRE BIRTHDAY CARD",NULL
541493,"MAGIC DRAWING SLATE SPACEBOY ",NULL
537350,"RED RETROSPOT TAPE",NULL
542862,"NATURAL SLATE HEART CHALKBOARD ",NULL
538139,"CHRISTMAS TOILET ROLL",NULL
538101,"GARDEN PATH JOURNAL",NULL
538883,"RECYCLING BAG RETROSPOT ",NULL
540823,"BLUE  DIAMANTE PEN IN GIFT BOX",NULL
539078,"FRYING PAN UNION FLAG",NULL
539445,"SET/3 VANILLA SCENTED CANDLE IN BOX",NULL
538378,"3 TIER CAKE TIN GREEN AND CREAM",NULL
543174,"CHARLOTTE BAG DOLLY GIRL DESIGN",NULL
542534,"BALLOON PUMP WITH 10 BALLOONS",NULL
539957,"PORCELAIN HANGING BELL SMALL",NULL
538010,"WHITE HANGING HEART T-LIGHT HOLDER",NULL
541700,"HERB MARKER CHIVES ",NULL
541570,"LUNCH BOX I LOVE LONDON",NULL
542546,"IVORY PAPER CUP CAKE CASES ",NULL
543253,"HEART WOODEN CHRISTMAS DECORATION",NULL
539732,"GIN + TONIC DIET METAL SIGN",NULL
542207,"ALARM CLOCK BAKELIKE GREEN",NULL
538188,"ASS COL SMALL SAND GECKO P'WEIGHT",NULL
538142,"SET/5 RED RETROSPOT LID GLASS BOWLS",NULL
542631,"ALARM CLOCK BAKELIKE IVORY",NULL
538376,"CHILDS BREAKFAST SET DOLLY GIRL ",NULL
538794,"SILVER HANGING T-LIGHT HOLDER",NULL
538096,"SET OF 3 HEART COOKIE CUTTERS",NULL
542361,"CREAM CUPID HEARTS COAT HANGER",NULL
541605,"POPPY'S PLAYHOUSE BATHROOM",NULL
538138,"CHRISTMAS LIGHTS 10 REINDEER",NULL
537604,"SCOTTIE DOG HOT WATER BOTTLE",NULL
539575,"LETTER "H" BLING KEY RING",NULL
540238,"CHILLI LIGHTS",NULL
542924,"HAND WARMER UNION JACK",NULL
539582,"FAIRY CAKES NOTEBOOK A6 SIZE",NULL
541947,"72 SWEETHEART FAIRY CAKE CASES",NULL
542889,"LADIES & GENTLEMEN METAL SIGN",NULL
537867,"VINTAGE UNION JACK BUNTING",NULL
538283,"IVORY ENCHANTED FOREST PLACEMAT",NULL
542099,"SINGLE HEART ZINC T-LIGHT HOLDER",NULL
536754,"POLKADOT RAIN HAT ",NULL
538566,"CHILDREN'S APRON DOLLY GIRL ",NULL
542156,"BAKING SET SPACEBOY DESIGN",NULL
539041,"LADS ONLY TISSUE BOX",NULL
541483,"HEART OF WICKER SMALL",NULL
540161,"HOME SMALL WOOD LETTERS",NULL
539319,"HAND WARMER OWL DESIGN",NULL
542748,"JUMBO STORAGE BAG SUKI",NULL
536812,"HAND WARMER BIRD DESIGN",NULL
540393,"CINAMMON & ORANGE WREATH",NULL
542418,"ROBOT BIRTHDAY CARD",NULL
540852,"PARTY TIME PENCIL ERASERS",NULL
538717,"OFFICE MUG WARMER BLACK+SILVER ",NULL
539010,"BOHEMIAN COLLAGE STATIONERY SET",NULL
537796,"CHRISTMAS METAL TAGS ASSORTED ",NULL
538060,"BUTTON BOX ",NULL
542919,"DELUXE SEWING KIT ",NULL
540478,"HOT WATER BOTTLE I AM SO POORLY",NULL
539320,"HAND WARMER SCOTTY DOG DESIGN",NULL
536367,"CREAM CUPID HEARTS COAT HANGER",NULL
539590,"BOX OF 24 COCKTAIL PARASOLS",NULL
538042,"CARD HOLDER GINGHAM HEART",NULL
536865,"TV DINNER TRAY VINTAGE PAISLEY",NULL
542146,"LUNCH BAG WOODLAND",NULL
541224,"RED  HARMONICA IN BOX ",NULL
538686,"LADIES & GENTLEMEN METAL SIGN",NULL
541130,"DECORATIVE CATS BATHROOM BOTTLE",NULL
540984,"FAIRY CAKE FLANNEL ASSORTED COLOUR",NULL
538514,"RIDGED GLASS STORAGE JAR CREAM LID",NULL
540546,"RETROSPOT CHILDRENS APRON",NULL
539867,"RED TOADSTOOL LED NIGHT LIGHT",NULL
539436,"DOORMAT WELCOME PUPPIES",NULL
539012,"FLORAL FOLK STATIONERY SET",NULL
536759,"PHOTO CUBE",NULL
538163,"SET/10 PINK POLKADOT PARTY CANDLES",NULL
540152,"HOT WATER BOTTLE I AM SO POORLY",NULL
537410,"LUNCH BAG RED RETROSPOT",NULL
543342,"BLUE CALCULATOR RULER",NULL
538660,"IF YOU CAN'T STAND THE HEAT MUG",NULL
542400,"WOOD S/3 CABINET ANT WHITE FINISH",NULL
543025,"FEATHER PEN,HOT PINK",NULL
540121,"HOT WATER BOTTLE TEA AND SYMPATHY",NULL
539604,"RED SPOTTY BISCUIT TIN",NULL
541886,"ASSORTED COLOUR T-LIGHT HOLDER",NULL
539099,"KINGS CHOICE BISCUIT TIN",NULL
540374,"CERAMIC STRAWBERRY CAKE MONEY BANK",NULL
541283,"LARGE POPCORN HOLDER ",NULL
537314,"RED RETROSPOT PLATE ",NULL
540841,"SET/2 RED RETROSPOT TEA TOWELS ",NULL
539648,"RED RETROSPOT CHARLOTTE BAG",NULL
541796,"FOLK ART METAL STAR T-LIGHT HOLDER",NULL
538626,"MINI JIGSAW DOLLY GIRL",NULL
538348,"PAPER CHAIN KIT VINTAGE CHRISTMAS",NULL
542228,"RETRO COFFEE MUGS ASSORTED",NULL
543196,"AIRLINE BAG VINTAGE JET SET RED",NULL
539335,"FELTCRAFT CHRISTMAS FAIRY",NULL
542083,"LUNCH BAG CARS BLUE",NULL
538488,"WELCOME  WOODEN BLOCK LETTERS",NULL
540693,"HOT WATER BOTTLE TEA AND SYMPATHY",NULL
542860,"HERB MARKER PARSLEY",NULL
542514,"CACTI T-LIGHT CANDLES",NULL
542559,"PARTY INVITES SPACEMAN",NULL
538167,"CHRISTMAS LIGHTS 10 VINTAGE BAUBLES",NULL
542371,"KNITTED UNION FLAG HOT WATER BOTTLE",NULL
538704,"HAND WARMER BIRD DESIGN",NULL
536843,"STRAWBERRY CERAMIC TRINKET BOX",NULL
542086,"GUMBALL COAT RACK",NULL
537388,"FELTCRAFT DOLL MOLLY",NULL
538126,"SILK PURSE BABUSHKA PINK",NULL
538200,"BLACK KITCHEN SCALES",NULL
539112,"PAPERWEIGHT KINGS CHOICE ",NULL
539216,"WHITE WOOD GARDEN PLANT LADDER",NULL
540537,"JUMBO BAG RED RETROSPOT",NULL
542903,"LARGE POPCORN HOLDER ",NULL
536463,"VINTAGE BILLBOARD DRINK ME MUG",NULL
538517,"GIN & TONIC DIET GREETING CARD ",NULL
538187,"FELTCRAFT 6 FLOWER FRIENDS",NULL
537773,"HEART FILIGREE DOVE LARGE",NULL
537888,"BABUSHKA LIGHTS STRING OF 10",NULL
540253,"POPPY'S PLAYHOUSE KITCHEN",NULL
540824,"36 PENCILS TUBE SKULLS",NULL
538268,"PACK OF 6 BIRDY GIFT TAGS",NULL
538354,"REGENCY CAKESTAND 3 TIER",NULL
541247,"RIBBON REEL LACE DESIGN ",NULL
538850,"RED GINGHAM ROSE JEWELLERY BOX",NULL
538003,"SET OF 2 TEA TOWELS APPLE AND PEARS",NULL
539466,"CHERRY BLOSSOM  DECORATIVE FLASK",NULL
542531,"BLUE HARMONICA IN BOX ",NULL
537027,"LUNCH BAG SUKI  DESIGN ",NULL
536765,"PACK OF 12 RED RETROSPOT TISSUES ",NULL
537332,"ROUND SNACK BOXES SET OF 4 SKULLS",NULL
541127,"LOVE BUILDING BLOCK WORD",NULL
542635,"BLUE GIANT GARDEN THERMOMETER",NULL
536739,"JAM MAKING SET WITH JARS",NULL
542521,"PLASTERS IN TIN STRONGMAN",NULL
542388,"CHARLIE+LOLA MY ROOM DOOR SIGN",NULL
541262,"SET OF 2 TEA TOWELS PING MICROWAVE",NULL
537882,"PAPER CHAIN KIT VINTAGE CHRISTMAS",NULL
538625,"MINI JIGSAW CIRCUS PARADE ",NULL
541684,"NUMBER TILE COTTAGE GARDEN 2",NULL
541237,"PACK OF 12 SUKI TISSUES ",NULL
541884,"PINK BUTTERFLY HANDBAG W BOBBLES",NULL
541108,"SET OF 6 FUNKY BEAKERS",NULL
540545,"PINK MARSHMALLOW SCARF KNITTING KIT",NULL
543106,"PICNIC BASKET WICKER SMALL",NULL
541876,"COLOUR GLASS T-LIGHT HOLDER HANGING",NULL
537885,"AIRLINE BAG VINTAGE JET SET WHITE",NULL
539262,"WOODEN CROQUET GARDEN SET",NULL
536943,"BATHROOM METAL SIGN",NULL
537137,"PHOTO FRAME CORNICE",NULL
541420,"AIRLINE BAG VINTAGE TOKYO 78",NULL
536778,"3 STRIPEY MICE FELTCRAFT",NULL
539244,"HOLIDAY FUN LUDO",NULL
542574,"WOODEN SCHOOL COLOURING SET",NULL
542344,"ASSORTED COLOUR BIRD ORNAMENT",NULL
540517,"CHRISTMAS GINGHAM HEART",NULL
543098,"SINGLE HEART ZINC T-LIGHT HOLDER",NULL
543189,"I CAN ONLY PLEASE ONE PERSON MUG",NULL
536852,"HAND WARMER UNION JACK",NULL
537313,"BLUE POLKADOT PLATE ",NULL
542105,"BATH BUILDING BLOCK WORD",NULL
543192,"RED FLORAL FELTCRAFT SHOULDER BAG",NULL
538182,"CREAM SLICE FLANNEL PINK SPOT ",NULL
536787,"STAR DECORATION PAINTED ZINC ",NULL
537875,"ROTATING SILVER ANGELS T-LIGHT HLDR",NULL
538537,"IVORY DINER WALL CLOCK",NULL
538179,"HEART FILIGREE DOVE  SMALL",NULL
542526,"PLASTERS IN TIN CIRCUS PARADE ",NULL
537430,"HEART OF WICKER SMALL",NULL
541732,"CHILDREN'S SPACEBOY MUG",NULL
540799,"LADLE LOVE HEART PINK",NULL
538015,"HAND WARMER OWL DESIGN",NULL
538085,"CALENDAR IN SEASON DESIGN",NULL
538157,"SET/10 RED POLKADOT PARTY CANDLES",NULL
536693,"RED RETROSPOT UMBRELLA",NULL
542604,"CLEAR DRAWER KNOB ACRYLIC EDWARDIAN",NULL
543258,"RED RETROSPOT ROUND CAKE TINS",NULL
542272,"CHRISTMAS RETROSPOT HEART WOOD",NULL
538652,"POLKADOT RAIN HAT ",NULL
536854,"BIRD HOUSE HOT WATER BOTTLE",NULL
536420,"WHITE HANGING HEART T-LIGHT HOLDER",NULL
541133,"POLKADOT RAIN HAT ",NULL
542380,"HAND WARMER RED RETROSPOT",NULL
542863,"GREEN POLKADOT BOWL",NULL
537468,"PLASTERS IN TIN SPACEBOY",NULL
538901,"RAIN PONCHO RETROSPOT",NULL
537333,"FELTCRAFT DOLL MOLLY",NULL
542738,"WOODEN PICTURE FRAME WHITE FINISH",NULL
541232,"SET OF 36 PAISLEY FLOWER DOILIES",NULL
539645,"STRAWBERRY DREAM CHILDS UMBRELLA",NULL
539658,"PINK ROSE FABRIC MIRROR",NULL
536856,"SKULLS SQUARE TISSUE BOX",NULL
538698,"FRENCH BLUE METAL DOOR SIGN 5",NULL
537224,"PARTY TIME PENCIL ERASERS",NULL
540689,"MINI JIGSAW CIRCUS PARADE ",NULL
541234,"PACK OF 60 MUSHROOM CAKE CASES",NULL
543347,"PICNIC BASKET WICKER LARGE",NULL
538843,"REGENCY CAKESTAND 3 TIER",NULL
538807,"PACK OF 6 PANNETONE GIFT BOXES",NULL
536762,"PLASTERS IN TIN CIRCUS PARADE ",NULL
539421,"TEA TIME OVEN GLOVE",NULL
537868,"JAM MAKING SET WITH JARS",NULL
543009,"HERB MARKER CHIVES ",NULL
537449,"CHILDRENS APRON SPACEBOY DESIGN",NULL
541511,"PACK OF 6 HANDBAG GIFT BOXES",NULL
543183,"CHEST 7 DRAWER MA CAMPAGNE",NULL
541519,"CHRISTMAS RETROSPOT STAR WOOD",NULL
536391,"BATH BUILDING BLOCK WORD",NULL
540255,"POPPY'S PLAYHOUSE BEDROOM ",NULL
536783,"PARTY CONES CARNIVAL ASSORTED",NULL
542608,"DOORMAT FAIRY CAKE",NULL
537335,"TRAVEL SEWING KIT",NULL
541864,"PACK 20 ENGLISH ROSE PAPER NAPKINS",NULL
541602,"MAKE YOUR OWN PLAYTIME CARD KIT",NULL
536938,"METAL SIGN HER DINNER IS SERVED ",NULL
541793,"FOLKART ZINC HEART CHRISTMAS DEC",NULL
539451,"LAUNDRY 15C METAL SIGN",NULL
542591,"CARD CAT AND TREE ",NULL
541484,"TV DINNER TRAY DOLLY GIRL",NULL
541816,"PINK FAIRY CAKE CHILDRENS APRON",NULL
539570,"PURPLE SWEETHEART BRACELET",NULL
540153,"RETROSPOT HEART HOT WATER BOTTLE",NULL
538357,"PACK 3 BOXES CHRISTMAS PANNETONE",NULL
541118,"SMALL MEDINA STAMPED METAL BOWL ",NULL
542729,"WHITE HANGING HEART T-LIGHT HOLDER",NULL
539142,"TOOTHPASTE TUBE PEN",NULL
543353,"CHRISTMAS GINGHAM HEART",NULL
537402,"FOLDING UMBRELLA PINKWHITE POLKADOT",NULL
542365,"VINTAGE BILLBOARD LOVE/HATE MUG",NULL
537687,"KINGS CHOICE GIANT TUBE MATCHES",NULL
541853,"CHARLIE+LOLA PINK HOT WATER BOTTLE",NULL
540109,"FELTCRAFT CUSHION RABBIT",NULL
542609,"DOORMAT NEW ENGLAND",NULL
542142,"CHRISTMAS DECOUPAGE CANDLE",NULL
539478,"CHOCOLATE BOX RIBBONS ",NULL
538827,"GRAND CHOCOLATECANDLE",NULL
541839,"CHILLI LIGHTS",NULL
537117,"VICTORIAN GLASS HANGING T-LIGHT",NULL
540857,"ORIGAMI OPIUM INCENSE/CANDLE SET ",NULL
536746,"DISCO BALL CHRISTMAS DECORATION",NULL
538910,"GLITTER STAR GARLAND WITH BELLS ",NULL
540022,"DOVE DECORATION PAINTED ZINC ",NULL
542362,"RETRO COFFEE MUGS ASSORTED",NULL
539286,"GUMBALL MONOCHROME COAT RACK",NULL
539858,"BAG 250g SWIRLY MARBLES",NULL
542618,"FLYING PIG WATERING CAN",NULL
539225,"MINI JIGSAW DOLLY GIRL",NULL
538720,"SET OF 2 CHRISTMAS DECOUPAGE CANDLE",NULL
538645,"PACK OF 12 CIRCUS PARADE TISSUES ",NULL
536560,"JAM MAKING SET PRINTED",NULL
543263,"COSY SLIPPER SHOES SMALL  RED ",NULL
539045,"SCOTTIE DOG HOT WATER BOTTLE",NULL
541439,"ENAMEL FLOWER JUG CREAM",NULL
542234,"KNITTED UNION FLAG HOT WATER BOTTLE",NULL
537754,"DIAMANTE HAIR GRIP PACK/2 BLACK DIA",NULL
539472,"ENVELOPE 50 ROMANTIC IMAGES",NULL
537689,"ASSORTED COLOUR BIRD ORNAMENT",NULL
536425,"CREAM CUPID HEARTS COAT HANGER",NULL
537228,"6 RIBBONS ELEGANT CHRISTMAS ",NULL
541249,"RIBBON REEL STRIPES DESIGN ",NULL
537390,"CHRISTMAS CRAFT TREE TOP ANGEL",NULL
539491,"HAND OVER THE CHOCOLATE   SIGN ",NULL
537472,"MAGIC DRAWING SLATE GO TO THE FAIR ",NULL
541503,"FELTCRAFT HAIRBANDS PINK AND WHITE ",NULL
537825,"SET OF 3 NOTEBOOKS IN PARCEL",NULL
540002,"LUNCH BOX I LOVE LONDON",NULL
542646,"FELTCRAFT CUSHION RABBIT",NULL
539666,"PINK BLUE FELT CRAFT TRINKET BOX",NULL
542708,"GREEN REGENCY TEACUP AND SAUCER",NULL
542716,"VINTAGE BILLBOARD DRINK ME MUG",NULL
542407,"FELTCRAFT 6 FLOWER FRIENDS",NULL
540971,"PINK CREAM FELT CRAFT TRINKET BOX ",NULL
540280,"STRAWBERRY CERAMIC TRINKET BOX",NULL
539253,"ADVENT CALENDAR GINGHAM SACK",NULL
542735,"VINTAGE BILLBOARD LOVE/HATE MUG",NULL
539054,"FELTCRAFT 6 FLOWER FRIENDS",NULL
539754,"EUCALYPTUS & PINECONE  WREATH",NULL
540012,"SPACEBOY LUNCH BOX ",NULL
541847,"METAL SIGN,CUPCAKE SINGLE HOOK",NULL
542911,"CINAMMON SET OF 9 T-LIGHTS",NULL
538800,"POLKADOT MUG PINK ",NULL
540373,"CERAMIC HEART FAIRY CAKE MONEY BANK",NULL
540555,"TOAST ITS - BEST MUM",NULL
537016,"PARTY INVITES FOOTBALL",NULL
536591,"BALLOON ART MAKE YOUR OWN FLOWERS",NULL
538527,"FANCY FONTS BIRTHDAY WRAP",NULL
542387,"PINK/YELLOW FLOWERS HANDBAG",NULL
541874,"BOX OF 24 COCKTAIL PARASOLS",NULL
536531,"WOODEN PICTURE FRAME WHITE FINISH",NULL
541985,"MINI PAINTED GARDEN DECORATION ",NULL
543242,"BLUE 3 PIECE POLKADOT CUTLERY SET",NULL
538312,"PACK OF 12 LONDON TISSUES ",NULL
543013,"LUNCH BOX I LOVE LONDON",NULL
537789,"SWIRLY CIRCULAR RUBBERS IN BAG",NULL
538832,"METAL 4 HOOK HANGER FRENCH CHATEAU",NULL
541858,"SET OF 20 KIDS COOKIE CUTTERS",NULL
537865,"JUMBO SHOPPER VINTAGE RED PAISLEY",NULL
539464,"PINK HEART SHAPE EGG FRYING PAN",NULL
538628,"MAGIC DRAWING SLATE DOLLY GIRL ",NULL
542906,"GOLD MINI TAPE MEASURE ",NULL
539953,"6 RIBBONS RUSTIC CHARM",NULL
538118,"BOX OF 6 ASSORTED COLOUR TEASPOONS",NULL
542725,"SET 7 BABUSHKA NESTING BOXES",NULL
537262,"ROUND SNACK BOXES SET OF 4 FRUITS ",NULL
539065,"FAMILY ALBUM WHITE PICTURE FRAME",NULL
537898,"ROTATING SILVER ANGELS T-LIGHT HLDR",NULL
539326,"SET OF 20 VINTAGE CHRISTMAS NAPKINS",NULL
536543,"JUMBO BAG CHARLIE AND LOLA TOYS",NULL
540007,"IVORY KNITTED MUG COSY ",NULL
540391,"NOEL WOODEN BLOCK LETTERS ",NULL
538208,"ROTATING SILVER ANGELS T-LIGHT HLDR",NULL
542915,"TEATIME PEN CASE & PENS",NULL
538991,"WOODEN BOX OF DOMINOES",NULL
538048,"PINK UNION JACK  LUGGAGE TAG",NULL
542527,"SMALL POPCORN HOLDER",NULL
537256,"LUNCH BAG DOLLY GIRL DESIGN",NULL
542709,"ROSES REGENCY TEACUP AND SAUCER ",NULL
536738,"CHRISTMAS LIGHTS 10 REINDEER",NULL
542542,"60 CAKE CASES VINTAGE CHRISTMAS",NULL
538523,"EDWARDIAN PARASOL BLACK",NULL
536630,"JUMBO  BAG BAROQUE BLACK WHITE",NULL
541488,"PICNIC BASKET WICKER LARGE",NULL
541213,"SAVE THE PLANET MUG",NULL
542025,"DROP DIAMANTE EARRINGS GREEN",NULL
537820,"PACK OF 72 RETROSPOT CAKE CASES",NULL
542346,"IVORY KITCHEN SCALES",NULL
540544,"RED WOOLLY HOTTIE WHITE HEART.",NULL
541489,"CABIN BAG VINTAGE PAISLEY",NULL
539260,"CHRISTMAS RETROSPOT ANGEL WOOD",NULL
537446,"PACK OF 12 LONDON TISSUES ",NULL
538874,"TRADITIONAL WOODEN SKIPPING ROPE",NULL
542539,"SET OF 20 VINTAGE CHRISTMAS NAPKINS",NULL
539087,"COFFEE MUG DOG + BALL DESIGN",NULL
539837,"ASSORTED MINI MADRAS NOTEBOOK",NULL
542790,"SOLDIERS EGG CUP ",NULL
538692,"BISCUIT TIN VINTAGE RED",NULL
540516,"CHRISTMAS GINGHAM TREE",NULL
537428,"HEART OF WICKER LARGE",NULL
538358,"PACK OF 6 PANNETONE GIFT BOXES",NULL
538661,"I CAN ONLY PLEASE ONE PERSON MUG",NULL
541109,"STRAWBERRY LUNCH BOX WITH CUTLERY",NULL
537863,"HAND WARMER RED RETROSPOT",NULL
540500,"GREEN CHRISTMAS TREE STRING 20LIGHT",NULL
537645,"BLACK HEART CARD HOLDER",NULL
536643,"HANGING METAL HEART LANTERN",NULL
539240,"MINI JIGSAW BUNNIES",NULL
536756,"RETROSPOT HEART HOT WATER BOTTLE",NULL
539572,"GREEN ENAMEL+GLASS HAIR COMB",NULL
540415,"GARLAND WITH STARS AND BELLS",NULL
542409,"CHRISTMAS CARD STACK OF PRESENTS",NULL
539211,"TV DINNER TRAY AIR HOSTESS ",NULL
537384,"FELTCRAFT DOLL EMILY",NULL
542367,"WOOD S/3 CABINET ANT WHITE FINISH",NULL
539665,"RED FLORAL FELTCRAFT SHOULDER BAG",NULL
537963,"DOLLY GIRL LUNCH BOX",NULL
538007,"ASSORTED COLOUR BIRD ORNAMENT",NULL
537000,"PAPER CHAIN KIT VINTAGE CHRISTMAS",NULL
542734,"VINTAGE BILLBOARD DRINK ME MUG",NULL
537881,"CARD I LOVE LONDON ",NULL
536848,"CHOCOLATE HOT WATER BOTTLE",NULL
540170,"CARDHOLDER HOLLY WREATH METAL",NULL
540268,"RECIPE BOX WITH METAL HEART",NULL
539279,"RECIPE BOX PANTRY YELLOW DESIGN",NULL
539741,"RED RETROSPOT ROUND CAKE TINS",NULL
539274,"GENTLEMAN SHIRT REPAIR KIT ",NULL
542602,"WHITE SPOT BLUE CERAMIC DRAWER KNOB",NULL
540005,"CARD I LOVE LONDON ",NULL
536366,"WHITE METAL LANTERN","Bob Williams"
538341,"ROUND SNACK BOXES SET OF4 WOODLAND ",NULL
538663,"PINK HEART SHAPE EGG FRYING PAN",NULL
537136,"LOVE BUILDING BLOCK WORD",NULL
541203,"CHOCOLATE CALCULATOR",NULL
541119,"MOCK LOBSTER FRIDGE MAGNET",NULL
542097,"GREY HEART HOT WATER BOTTLE",NULL
540404,"CHRISTMAS HANGING STAR WITH BELL",NULL
540365,"RED DRAWER KNOB ACRYLIC EDWARDIAN",NULL
543043,"12 PENCILS TALL TUBE RED RETROSPOT",NULL
541552,"RED KITCHEN SCALES",NULL
538327,"VINTAGE PAISLEY STATIONERY SET",NULL
536548,"LUNCH BAG RED RETROSPOT",NULL
542849,"HERB MARKER MINT",NULL
538557,"FAMILY PHOTO FRAME CORNICE",NULL
536803,"60 TEATIME FAIRY CAKE CASES",NULL
541517,"CARD HOLDER GINGHAM HEART",NULL
539983,"RED KITCHEN SCALES",NULL
542369,"WOODEN FRAME ANTIQUE WHITE ",NULL
537237,"5 STRAND GLASS NECKLACE CRYSTAL",NULL
537134,"ASSORTED COLOUR BIRD ORNAMENT",NULL
542229,"SAVE THE PLANET MUG",NULL
541785,"BLUE VICTORIAN FABRIC OVAL BOX",NULL
536791,"HAND WARMER SCOTTY DOG DESIGN",NULL
538072,"WHITE HANGING HEART T-LIGHT HOLDER",NULL
542992,"HAND WARMER BIRD DESIGN",NULL
539217,"PACK OF 12 TRADITIONAL CRAYONS",NULL
536796,"CLOTHES PEGS RETROSPOT PACK 24 ",NULL
536554,"60 TEATIME FAIRY CAKE CASES",NULL
537761,"JUMBO BAG PINK POLKADOT",NULL
536530,"WOOD S/3 CABINET ANT WHITE FINISH",NULL
536941,"YOU'RE CONFUSING ME METAL SIGN ",NULL
543116,"HEART DECORATION PAINTED ZINC ",NULL
537688,"72 SWEETHEART FAIRY CAKE CASES",NULL
538683,"CLOTHES PEGS RETROSPOT PACK 24 ",NULL
542603,"WHITE SPOT RED CERAMIC DRAWER KNOB",NULL
540796,"BOX OF VINTAGE ALPHABET BLOCKS",NULL
537374,"12 DAISY PEGS IN WOOD BOX",NULL
537915,"VINTAGE UNION JACK CUSHION COVER",NULL
542347,"MEMO BOARD RETROSPOT  DESIGN",NULL
538153," 4 PURPLE FLOCK DINNER CANDLES",NULL
536568,"PHOTO CLIP LINE",NULL
542003,"ANT COPPER TURQ BOUDICCA BRACELET",NULL
538848,"CURIOUS  IMAGES NOTEBOOK SET",NULL
537214,"BLACK CANDELABRA T-LIGHT HOLDER",NULL
537238,"HAND WARMER UNION JACK",NULL
542237,"SET 7 BABUSHKA NESTING BOXES",NULL
536598,"CHOCOLATE CALCULATOR",NULL
539316,"VINTAGE CREAM DOG FOOD CONTAINER",NULL
540688,"FAIRY TALE COTTAGE NIGHTLIGHT",NULL
539835,"PINK  HEART SHAPE LOVE BUCKET ",NULL
540643,"MAGIC DRAWING SLATE DOLLY GIRL ",NULL
537775,"PACK 3 BOXES CHRISTMAS PANNETONE",NULL
537195,"5 STRAND GLASS NECKLACE CRYSTAL",NULL
542926,"BLUE DRAGONFLY HELICOPTER",NULL
542632,"ALARM CLOCK BAKELIKE CHOCOLATE",NULL
541589,"GREEN REGENCY TEACUP AND SAUCER",NULL
540156,"RECIPE BOX PANTRY YELLOW DESIGN",NULL
539016,"CHRISTMAS PUDDING TRINKET POT ",NULL
540640,"RED STRIPE CERAMIC DRAWER KNOB",NULL
541498,"MINI JIGSAW DINOSAUR ",NULL
537408,"FOLDING UMBRELLA RED/WHITE POLKADOT",NULL
538907,"CHRISTMAS HANGING TREE WITH BELL",NULL
536616,"WHITE LOVEBIRD LANTERN",NULL
540227,"BIRTHDAY PARTY CORDON BARRIER TAPE",NULL
537241,"PAINTED METAL STAR WITH HOLLY BELLS",NULL
538726,"CAKE STAND VICTORIAN FILIGREE MED",NULL
538164,"BLACK TEA TOWEL CLASSIC DESIGN",NULL
536681,"VINTAGE UNION JACK CUSHION COVER",NULL
542601,"RED SPOT CERAMIC DRAWER KNOB",NULL
537445,"FELTCRAFT PRINCESS LOLA DOLL",NULL
539307,"FLUTED ANTIQUE CANDLE HOLDER",NULL
539215,"DAISY GARDEN MARKER",NULL
536982,"CANDLEHOLDER PINK HANGING HEART",NULL
539085,"HEART IVORY TRELLIS SMALL",NULL
538638,"HAND WARMER OWL DESIGN",NULL
542511,"SET 10 LIGHTS NIGHT OWL",NULL
538768,"POLKA DOT RAFFIA FOOD COVER",NULL
538115,"FELTCRAFT CUSHION BUTTERFLY",NULL
538043,"SMALL STRIPES CHOCOLATE GIFT BAG ",NULL
539473,"ENVELOPE 50 BLOSSOM IMAGES",NULL
542151,"SET/4 BADGES CUTE CREATURES",NULL
538655,"JAM JAR WITH PINK LID",NULL
540394,"PARTY CONE CHRISTMAS DECORATION ",NULL
539072,"LARGE HEART MEASURING SPOONS",NULL
537055,"CHOCOLATE CALCULATOR",NULL
536861,"SCANDINAVIAN REDS RIBBONS",NULL
543197,"AIRLINE BAG VINTAGE WORLD CHAMPION ",NULL
537671,"TRADITIONAL WOODEN SKIPPING ROPE",NULL
538116,"RED RETROSPOT OVEN GLOVE DOUBLE",NULL
539293,"RIBBON REEL SNOWY VILLAGE",NULL
539946,"5 HOOK HANGER MAGIC TOADSTOOL",NULL
542379,"HAND WARMER SCOTTY DOG DESIGN",NULL
538093,"SET/10 IVORY POLKADOT PARTY CANDLES",NULL
542512,"BLACK CANDELABRA T-LIGHT HOLDER",NULL
541271,"HEART GARLAND RUSTIC PADDED",NULL
543279,"SET/3 CHRISTMAS DECOUPAGE CANDLES",NULL
542256,"LOVEBIRD HANGING DECORATION WHITE ",NULL
540119,"FOUR HOOK  WHITE LOVEBIRDS",NULL
537603,"GREY HEART HOT WATER BOTTLE",NULL
537159,"PACK 3 BOXES CHRISTMAS PANNETONE",NULL
542401,"WOODEN PICTURE FRAME WHITE FINISH",NULL
540551,"LADS ONLY TISSUE BOX",NULL
542103,"RECORD FRAME 7" SINGLE SIZE ",NULL
538896,"CHARLOTTE BAG SUKI DESIGN",NULL
537609,"HOMEMADE JAM SCENTED CANDLES",NULL
542633,"FRENCH BATHROOM SIGN BLUE METAL",NULL
537638,"SWEETHEART WIRE WALL TIDY",NULL
543280,"SET OF 20 VINTAGE CHRISTMAS NAPKINS",NULL
541432,"LIPSTICK PEN BABY PINK",NULL
539948,"SET OF SALT AND PEPPER TOADSTOOLS",NULL
542005,"PAIR BUTTERFLY HAIR CLIPS",NULL
542394,"CREAM CUPID HEARTS COAT HANGER",NULL
540700,"PACK OF 12 SUKI TISSUES ",NULL
537765,"RIBBON REEL CHRISTMAS PRESENT ",NULL
540837,"FELT EGG COSY BLUE RABBIT ",NULL
542100,"WHITE HANGING HEART T-LIGHT HOLDER",NULL
537605,"BIRD HOUSE HOT WATER BOTTLE",NULL
539740,"SET 3 RETROSPOT TEA,COFFEE,SUGAR",NULL
541411,"WOODLAND PARTY BAG + STICKER SET",NULL
542867,"PLEASE ONE PERSON METAL SIGN",NULL
540915,"RED RETROSPOT CHILDRENS UMBRELLA",NULL
537419,"60 CAKE CASES VINTAGE CHRISTMAS",NULL
540529,"SINGLE HEART ZINC T-LIGHT HOLDER",NULL
538110,"PINK 3 PIECE POLKADOT CUTLERY SET",NULL
541207,"LILAC DIAMANTE PEN IN GIFT BOX",NULL
542564,"STARS GIFT TAPE ",NULL
537686,"FRENCH WC SIGN BLUE METAL",NULL
540146,"SET OF 3 BABUSHKA STACKING TINS",NULL
537366,"6 RIBBONS RUSTIC CHARM",NULL
541126,"HOME BUILDING BLOCK WORD",NULL
541371,"TEA COSY BLUE STRIPE",NULL
542642,"RETROSPOT GIANT TUBE MATCHES",NULL
538252,"PACK 3 FIRE ENGINE/CAR PATCHES",NULL
542806,"SET OF 3 BUTTERFLY COOKIE CUTTERS",NULL
541576,"RED BABY BUNTING ",NULL
540163,"SMALL PURPLE BABUSHKA NOTEBOOK ",NULL
538058,"PLASTERS IN TIN SKULLS",NULL
541269,"FELTCRAFT 6 FLOWER FRIENDS",NULL
543270,"POLKADOT PEN",NULL
543275,"STRIPEY CHOCOLATE NESTING BOXES",NULL
539410,"SET OF 3 BIRD LIGHT PINK FEATHER ",NULL
540093,"SUKI  SHOULDER BAG",NULL
538382,"CAKE PLATE LOVEBIRD WHITE",NULL
539731,"POTTERING IN THE SHED METAL SIGN",NULL
537800,"MINI FUNKY DESIGN TAPES",NULL
537135,"HOME BUILDING BLOCK WORD",NULL
539951,"RETROSPOT PARTY BAG + STICKER SET",NULL
536810,"ALARM CLOCK BAKELIKE GREEN",NULL
537234,"JUMBO BAG OWLS",NULL
542673,"IVORY GIANT GARDEN THERMOMETER",NULL
542528,"LARGE POPCORN HOLDER ",NULL
542599,"BLUE SPOT CERAMIC DRAWER KNOB",NULL
542277,"JUMBO BAG PINK POLKADOT",NULL
542920,"TRAVEL SEWING KIT",NULL
538090,"PINK PAISLEY SQUARE TISSUE BOX ",NULL
540953,"ZINC HEART LATTICE T-LIGHT HOLDER",NULL
541649,"BROCANTE COAT RACK",NULL
538206,"GREY HEART HOT WATER BOTTLE",NULL
539292,"RIBBON REEL CHRISTMAS PRESENT ",NULL
542026,"AMETHYST GLASS/SHELL/PEARL NECKLACE",NULL
539447,"SET OF 2 CHRISTMAS DECOUPAGE CANDLE",NULL
540408,"SET OF 4 NAPKIN CHARMS 3 KEYS ",NULL
536671,"FRIDGE MAGNETS LES ENFANTS ASSORTED",NULL
542244,"CREAM HEART CARD HOLDER",NULL
543166,"PIGGY BANK RETROSPOT ",NULL
539864,"BOYS VINTAGE TIN SEASIDE BUCKET",NULL
541880,"ASSORTED COLOUR BIRD ORNAMENT",NULL
539257,"CARDHOLDER GINGHAM STAR",NULL
542081,"SQUARECUSHION COVER PINK UNION FLAG",NULL
538044,"S/6 WOODEN SKITTLES IN COTTON BAG",NULL
536584,"CERAMIC CHERRY CAKE MONEY BANK",NULL
542427,"CHILDRENS APRON SPACEBOY DESIGN",NULL
541362,"COFFEE MUG CAT + BIRD DESIGN",NULL
538909,"CHRISTMAS HANGING HEART WITH BELL",NULL
538421,"WHITE WOOD GARDEN PLANT LADDER",NULL
542107,"WICKER STAR ",NULL
538045,"HAND WARMER RED RETROSPOT",NULL
543028,"CHARLIE + LOLA RED HOT WATER BOTTLE",NULL
540352,"GLITTER CHRISTMAS HEART ",NULL
537806,"SET/9 CHRISTMAS T-LIGHTS SCENTED ",NULL
537037,"RETRO COFFEE MUGS ASSORTED",NULL
541120,"BIG DOUGHNUT FRIDGE MAGNETS",NULL
542753,"JUMBO BAG RED RETROSPOT",NULL
542796,"JAM MAKING SET WITH JARS",NULL
537641,"CREAM HEART CARD HOLDER",NULL
542859,"HERB MARKER CHIVES ",NULL
537406,"SMALL POPCORN HOLDER",NULL
538711,"LOVEBIRD HANGING DECORATION WHITE ",NULL
537143,"BLACK/BLUE POLKADOT UMBRELLA",NULL
538718,"RETROSPOT HEART HOT WATER BOTTLE",NULL
538997,"BLUE HARMONICA IN BOX ",NULL
542934,"CHRISTMAS METAL TAGS ASSORTED ",NULL
541996,"CRACKED GLAZE NECKLACE RED",NULL
541423,"TOY TIDY PINK POLKADOT",NULL
539641,"FIRST CLASS HOLIDAY PURSE ",NULL
540172,"SILVER CHRISTMAS TREE BAUBLE STAND ",NULL
541795,"FOLKART HEART NAPKIN RINGS",NULL
539605,"ROSE COTTAGE KEEPSAKE BOX ",NULL
539336,"CHRISTMAS METAL TAGS ASSORTED ",NULL
543118,"HEN HOUSE DECORATION",NULL
543247,"PAPER CHAIN KIT VINTAGE CHRISTMAS",NULL
542888,"POTTING SHED TEA MUG",NULL
543172,"CREAM WALL PLANTER HEART SHAPED",NULL
543309,"CHILDRENS APRON SPACEBOY DESIGN",NULL
543055,"SET OF 4 ENGLISH ROSE PLACEMATS",NULL
542413,"4 TRADITIONAL SPINNING TOPS",NULL
542884,"JAM MAKING SET PRINTED",NULL
540249,"MAGNETS PACK OF 4 CHILDHOOD MEMORY",NULL
539857,"BAG 125g SWIRLY MARBLES",NULL
543254,"SWALLOW WOODEN CHRISTMAS DECORATION",NULL
539374,"36 FOIL HEART CAKE CASES",NULL
543107,"HEART OF WICKER SMALL",NULL
541009,"SALLE DE BAIN HOOK",NULL
538080,"36 FOIL HEART CAKE CASES",NULL
537346,"SET OF 3 NOTEBOOKS IN PARCEL",NULL
536743,"ROSE COTTAGE KEEPSAKE BOX ",NULL
542691,"GLASS BELL JAR LARGE",NULL
539650,"GOLD MINI TAPE MEASURE ",NULL
542713,"CREAM CUPID HEARTS COAT HANGER",NULL
540792,"COOK WITH WINE METAL SIGN ",NULL
542255,"PEACE SMALL WOOD LETTERS",NULL
539080,"WHITE LOVEBIRD LANTERN",NULL
539576,"LETTER "J" BLING KEY RING",NULL
541789,"IVORY STRING CURTAIN WITH POLE ",NULL
538279,"COSY HOUR GIANT TUBE MATCHES",NULL
542351,"WHITE HANGING HEART T-LIGHT HOLDER",NULL
540829,"RED POLKADOT COFFEE  MUG",NULL
543012,"BOX OF 24 COCKTAIL PARASOLS",NULL
541316,"HEART FILIGREE DOVE  SMALL",NULL
538882,"JUMBO BAG RED RETROSPOT",NULL
541656,"ANTIQUE GLASS DRESSING TABLE POT",NULL
538627,"MAGIC DRAWING SLATE SPACEBOY ",NULL
538050,"PIZZA PLATE IN BOX",NULL
541516,"FELTCRAFT HAIRBAND RED AND BLUE",NULL
536639,"DOORMAT FANCY FONT HOME SWEET HOME",NULL
541139,"CHRISTMAS TREE STAR DECORATION",NULL
538665,"72 SWEETHEART FAIRY CAKE CASES",NULL
536385,"RECIPE BOX WITH METAL HEART",NULL
539273,"CERAMIC STRAWBERRY CAKE MONEY BANK",NULL
542562,"PANDA AND BUNNIES STICKER SHEET",NULL
539118,"LIPSTICK PEN RED",NULL
542869,"WOODEN FRAME ANTIQUE WHITE ",NULL
541273,"FAMILY ALBUM WHITE PICTURE FRAME",NULL
536571,"SKULL SHOULDER BAG",NULL
543264,"COSY SLIPPER SHOES SMALL GREEN",NULL
541867,"3D SHEET OF DOG STICKERS",NULL
539290,"ALARM CLOCK BAKELIKE IVORY",NULL
543232,"WOODEN STAR CHRISTMAS SCANDINAVIAN",NULL
539224,"MAGIC DRAWING SLATE CIRCUS PARADE  ",NULL
537762,"JUMBO BAG RED RETROSPOT",NULL
541106,"SKULLS  WATER TRANSFER TATTOOS ",NULL
543010,"HERB MARKER ROSEMARY",NULL
542746,"HAND WARMER UNION JACK",NULL
542714,"RETRO COFFEE MUGS ASSORTED",NULL
542614,"SINGLE HEART ZINC T-LIGHT HOLDER",NULL
541588,"WICKER WREATH LARGE",NULL
541569,"GENTLEMAN SHIRT REPAIR KIT ",NULL
540279,"SWEETHEART CERAMIC TRINKET BOX",NULL
542644,"FELTCRAFT CUSHION OWL",NULL
536388,"RED COAT RACK PARIS FASHION",NULL
541002,"SET/4 BADGES DOGS",NULL
538136,"RIBBON REEL CHRISTMAS SOCK BAUBLE",NULL
539755,"TOAST ITS - BEST MUM",NULL
539299,"POPPY'S PLAYHOUSE KITCHEN",NULL
537216,"CHRISTMAS HANGING HEART WITH BELL",NULL
541254,"EMPIRE TISSUE BOX",NULL
537758,"BLUE SWEETHEART BRACELET",NULL
541969,"JUMBO BAG STRAWBERRY",NULL
540386,"EMERGENCY FIRST AID TIN ",NULL
541673,"HOT WATER BOTTLE I AM SO POORLY",NULL
536532,"WOODEN FRAME ANTIQUE WHITE ",NULL
542515,"ART LIGHTS,FUNK MONKEY",NULL
538158,"SET/10 PINK POLKADOT PARTY CANDLES",NULL
540753,"JAM MAKING SET PRINTED",NULL
539082,"WASH BAG VINTAGE ROSE PAISLEY",NULL
539569,"SILVER LARIAT BLACK STONE EARRINGS",NULL
539268,"HAND WARMER RED RETROSPOT",NULL
540790,"PAINTED METAL PEARS ASSORTED",NULL
537007,"BLUE DRAWER KNOB ACRYLIC EDWARDIAN",NULL
540843,"NOEL WOODEN BLOCK LETTERS ",NULL
543180,"RETROSPOT RED WASHING UP GLOVES",NULL
540568,"ALARM CLOCK BAKELIKE ORANGE",NULL
540817,"KIDS RAIN MAC PINK",NULL
542080,"PINK FLORAL FELTCRAFT SHOULDER BAG",NULL
538009,"BLUE BIRDHOUSE DECORATION",NULL
537044,"WOODEN FRAME ANTIQUE WHITE ",NULL
539243,"PICTURE DOMINOES",NULL
536611,"HANGING METAL HEART LANTERN",NULL
541111,"Dr. Jam's Arouzer Stress Ball",NULL
539407,"BLUE VICTORIAN FABRIC OVAL BOX",NULL
538831,"WOOD S/3 CABINET ANT WHITE FINISH",NULL
537008,"HEART OF WICKER SMALL",NULL
537700,"CHICK GREY HOT WATER BOTTLE",NULL
536956,"SET/10 PINK POLKADOT PARTY CANDLES",NULL
539761,"IVORY HANGING DECORATION  HEART",NULL
542411,"VINTAGE SNAP CARDS",NULL
539334,"YELLOW GIANT GARDEN THERMOMETER",NULL
538463,"ROSES REGENCY TEACUP AND SAUCER ",NULL
543057,"FOOD CONTAINER SET 3 LOVE HEART ",NULL
543214,"CERAMIC PIRATE CHEST MONEY BANK",NULL
540828,"FEATHER PEN,COAL BLACK",NULL
536819,"RETRO COFFEE MUGS ASSORTED",NULL
542139,"CAKE STAND LOVEBIRD 2 TIER WHITE",NULL
540526,"HOME BUILDING BLOCK WORD",NULL
539441,"IVORY PILLAR CANDLE SILVER FLOCK",NULL
541675,"ROUND CAKE TIN VINTAGE GREEN",NULL
540173,"CHILLI LIGHTS",NULL
542397,"VINTAGE BILLBOARD DRINK ME MUG",NULL
543027,"SCOTTIE DOG HOT WATER BOTTLE",NULL
540463,"CLASSIC METAL BIRDCAGE PLANT HOLDER",NULL
540690,"MAGIC DRAWING SLATE CIRCUS PARADE  ",NULL
541709,"60 CAKE CASES VINTAGE CHRISTMAS",NULL
542779,"WHITE SKULL HOT WATER BOTTLE ",NULL
542923,"JAM MAKING SET PRINTED",NULL
536745,"PAPER CHAIN KIT VINTAGE CHRISTMAS",NULL
537227,"PINK UNION JACK  LUGGAGE TAG",NULL
540973,"12 PENCILS SMALL TUBE SKULL",NULL
540459,"WOODEN ADVENT CALENDAR CREAM",NULL
538351,"RED ENCHANTED FOREST PLACEMAT",NULL
541282,"SMALL POPCORN HOLDER",NULL
537239,"HAND WARMER SCOTTY DOG DESIGN",NULL
539950,"TRIPLE PHOTO FRAME CORNICE ",NULL
537838,"JUMBO  BAG BAROQUE BLACK WHITE",NULL
542999,"TRADITIONAL MODELLING CLAY",NULL
538721,"COSMETIC BAG VINTAGE ROSE PAISLEY",NULL
538892,"JUMBO BAG OWLS",NULL
540638,"CHILDRENS DOLLY GIRL MUG",NULL
541426,"MAGNETS PACK OF 4 RETRO PHOTO",NULL
540525,"FINE WICKER HEART ",NULL
540549,"JUMBO BAG RED RETROSPOT",NULL
538631,"PACK OF 12 TRADITIONAL CRAYONS",NULL
538719,"ASSORTED COLOUR BIRD ORNAMENT",NULL
541408,"FIVE CATS HANGING DECORATION",NULL
539580,"SET OF 3 BUTTERFLY COOKIE CUTTERS",NULL
543124,"WOOD STAMP SET BEST WISHES",NULL
541092,"RED WHITE SCARF  HOT WATER BOTTLE",NULL
540521,"WICKER WREATH SMALL",NULL
542231,"VINTAGE BILLBOARD LOVE/HATE MUG",NULL
537018,"PARTY INVITES SPACEMAN",NULL
538133,"CHOCOLATE 3 WICK MORRIS BOX CANDLE",NULL
542812,"BROCANTE SHELF WITH HOOKS",NULL
541834,"SET/3 ROSE CANDLE IN JEWELLED BOX",NULL
537042,"WOOD S/3 CABINET ANT WHITE FINISH",NULL
540528,"COLOUR GLASS T-LIGHT HOLDER HANGING",NULL
540372,"SWEETHEART CERAMIC TRINKET BOX",NULL
541267,"CHRISTMAS CRAFT LITTLE FRIENDS",NULL
540377,"3 HOOK PHOTO SHELF ANTIQUE WHITE",NULL
541818,"CAROUSEL DESIGN WASHBAG",NULL
536552,"PACK OF 60 DINOSAUR CAKE CASES",NULL
540556,"CREAM SLICE FLANNEL PINK SPOT ",NULL
536860,"S/6 SEW ON CROCHET FLOWERS",NULL
538890,"JUMBO STORAGE BAG SUKI",NULL
542032,"JADE DROP EARRINGS W FILIGREE",NULL
538967,"HEARTS GIFT TAPE",NULL
543262,"COSY SLIPPER SHOES LARGE GREEN",NULL
540288,"SET OF 4 FAIRY CAKE PLACEMATS",NULL
541779,"SPACEBOY CHILDRENS EGG CUP",NULL
539031,"6 RIBBONS ELEGANT CHRISTMAS ",NULL
539990,"SET OF 2 TEA TOWELS APPLE AND PEARS",NULL
540020,"CHRISTMAS MUSICAL ZINC STAR",NULL
538114,"PINK CREAM FELT CRAFT TRINKET BOX ",NULL
537142,"RED RETROSPOT UMBRELLA",NULL
538811,"CHRISTMAS RETROSPOT ANGEL WOOD",NULL
541231,"SET OF 6 STRAWBERRY CHOPSTICKS",NULL
543200,"CHILDS BREAKFAST SET SPACEBOY ",NULL
538830,"3 HOOK PHOTO SHELF ANTIQUE WHITE",NULL
539419,"CERAMIC CAKE STAND + HANGING CAKES",NULL
537707,"VICTORIAN SEWING BOX SMALL ",NULL
538250,"CHILDREN'S CIRCUS PARADE MUG",NULL
538636,"HAND WARMER SCOTTY DOG DESIGN",NULL
541702,"CHRISTMAS LIGHTS 10 REINDEER",NULL
541828,"LOVE HEART POCKET WARMER",NULL
542434,"GUMBALL MAGAZINE RACK",NULL
539096,"TEA BAG PLATE RED RETROSPOT",NULL
540383,"SET OF 2 ROUND TINS DUTCH CHEESE",NULL
537866,"RIBBON REEL SNOWY VILLAGE",NULL
538063,"SMALL RED BABUSHKA NOTEBOOK ",NULL
539416,"FOLKART ZINC HEART CHRISTMAS DEC",NULL
540531,"T-LIGHT GLASS FLUTED ANTIQUE",NULL
538343,"SCANDINAVIAN REDS RIBBONS",NULL
543131,"GLAMOROUS  MUG",NULL
539418,"RETRO COFFEE MUGS ASSORTED",NULL
540860,"FAIRY DREAMS INCENSE ",NULL
543018,"WICKER WREATH LARGE",NULL
541090,"CHICK GREY HOT WATER BOTTLE",NULL
541641,"PURPLE DRAWERKNOB ACRYLIC EDWARDIAN",NULL
542578,"SET 7 BABUSHKA NESTING BOXES",NULL
542425,"HAND WARMER RED POLKA DOT",NULL
540788,"CLASSIC METAL BIRDCAGE PLANT HOLDER",NULL
537232,"6 RIBBONS SHIMMERING PINKS ",NULL
539949,"DELUXE SEWING KIT ",NULL
536864,"LAVENDER INCENSE IN TIN",NULL
539735,"PINK  HONEYCOMB PAPER BALL ",NULL
540554,"PINK BLUE FELT CRAFT TRINKET BOX",NULL
538087,"BLUE PAISLEY TISSUE BOX",NULL
541412,"HOME GARLAND PAINTED ZINC ",NULL
541290,"FELT EGG COSY WHITE RABBIT ",NULL
538531,"ALARM CLOCK BAKELIKE IVORY",NULL
540241,"JAM MAKING SET WITH JARS",NULL
541786,"SET OF 3 BIRD LIGHT PINK FEATHER ",NULL
539400,"GINGERBREAD MAN COOKIE CUTTER",NULL
542113," SET 2 TEA TOWELS I LOVE LONDON ",NULL
537509,"URBAN BLACK RIBBONS ",NULL
542111,"CHRYSANTHEMUM SKETCHBOOK ",NULL
543006,"HERB MARKER MINT",NULL
538149,"BLACK/BLUE POLKADOT UMBRELLA",NULL
539437,"HI TEC ALPINE HAND WARMER",NULL
542095,"LADYBIRD + BEE RAFFIA FOOD COVER",NULL
538051,"HEART OF WICKER LARGE",NULL
542065,"LETTER "E" BLING KEY RING",NULL
541594,"SET OF 6 RIBBONS VINTAGE CHRISTMAS",NULL
539408,"RED VICTORIAN FABRIC OVAL BOX",NULL
543306,"LARGE HEART MEASURING SPOONS",NULL
541688,"CHILDRENS APRON APPLES DESIGN",NULL
543267,"WHITE JEWELLED HEART DECORATION",NULL
540704,"HEADS AND TAILS SPORTING FUN",NULL
538379,"ROSE COTTAGE KEEPSAKE BOX ",NULL
540187,"DOORMAT AIRMAIL ",NULL
542078,"LETTER "H" BLING KEY RING",NULL
538314,"HAND WARMER OWL DESIGN",NULL
538650,"PACK OF 12 PINK PAISLEY TISSUES ",NULL
542721,"WOODEN FRAME ANTIQUE WHITE ",NULL
536383,"HOME BUILDING BLOCK WORD",NULL
539036,"RIBBON REEL STRIPES DESIGN ",NULL
538742,"ANTIQUE GLASS DRESSING TABLE POT",NULL
539747,"VICTORIAN SEWING BOX LARGE",NULL
538744,"ANTIQUE TALL SWIRLGLASS TRINKET POT",NULL
540987,"SWISS ROLL TOWEL, CHOCOLATE  SPOTS",NULL
540497,"S/15 SILVER GLASS BAUBLES IN BAG",NULL
536557,"RED CHARLIE+LOLA PERSONAL DOORSIGN",NULL
539829,"ELEPHANT, BIRTHDAY CARD, ",NULL
539084,"HEART IVORY TRELLIS LARGE",NULL
539212,"EMPIRE UNION JACK TV DINNER TRAY",NULL
540794,"COLOUR GLASS. STAR T-LIGHT HOLDER",NULL
540345,"PLEASE ONE PERSON METAL SIGN",NULL
539479,"URBAN BLACK RIBBONS ",NULL
541043,"RED GINGHAM ROSE JEWELLERY BOX",NULL
538908,"CHRISTMAS HANGING STAR WITH BELL",NULL
542595,"PENNY FARTHING BIRTHDAY CARD",NULL
538861,"LOLITA  DESIGN  COTTON TOTE BAG",NULL
541982,"SET/6 PINK BIRD T-LIGHT CANDLES",NULL
540477,"GREY HEART HOT WATER BOTTLE",NULL
540791,"SWEETHEART CAKESTAND 3 TIER",NULL
540177,"SWEETHEART RECIPE BOOK STAND",NULL
541431,"LIPSTICK PEN RED",NULL
540634,"3 TRADITIONAL COOKIE CUTTERS  SET",NULL
541013,"GLASS HEART T-LIGHT HOLDER ",NULL
538535,"BLUE DINER WALL CLOCK",NULL
540243,"BREAD BIN DINER STYLE RED ",NULL
539259,"CHRISTMAS RETROSPOT STAR WOOD",NULL
541977,"CHARLIE + LOLA BISCUITS TINS",NULL
536384,"LOVE BUILDING BLOCK WORD",NULL
536368,"KNITTED UNION FLAG HOT WATER BOTTLE",NULL
538100,"JUMBO STORAGE BAG SKULLS",NULL
539331,"HERB MARKER MINT",NULL
540482,"TABLE LAMP WHITE SHADE WOOD BASE",NULL
539398,"JAM JAR WITH GREEN LID",NULL
538690,"RED HANGING HEART T-LIGHT HOLDER",NULL
543268,"FINE WICKER HEART ",NULL
537035,"CREAM CUPID HEARTS COAT HANGER",NULL
543096,"KEEP OUT BOYS DOOR HANGER ",NULL
540260,"FELTCRAFT PRINCESS LOLA DOLL",NULL
541708,"60 CAKE CASES DOLLY GIRL DESIGN",NULL
540983,"CHRISTMAS TOILET ROLL",NULL
541863,"SET OF 4 ENGLISH ROSE COASTERS",NULL
538086,"SMALL POPCORN HOLDER",NULL
536386,"DOORMAT NEW ENGLAND",NULL
537050,"HAND WARMER RED POLKA DOT",NULL
540473,"WOOD AND GLASS MEDICINE CABINET",NULL
540664,"CHILDS BREAKFAST SET SPACEBOY ",NULL
542861,"SET OF 20 VINTAGE CHRISTMAS NAPKINS",NULL
536541,"JUMBO BAG PINK POLKADOT",NULL
542587,"SPACEBOY BIRTHDAY CARD",NULL
541868,"3D SHEET OF CAT STICKERS",NULL
540398,"SET OF 4 NAPKIN CHARMS HEARTS",NULL
538311,"RED TOADSTOOL LED NIGHT LIGHT",NULL
538181,"CREAM SLICE FLANNEL CHOCOLATE SPOT ",NULL
537053,"MAGIC DRAWING SLATE BAKE A CAKE ",NULL
537452,"PAPER CHAIN KIT 50'S CHRISTMAS ",NULL
541916,"HANGING HEART ZINC T-LIGHT HOLDER",NULL
539403,"CHILDRENS DOLLY GIRL MUG",NULL
536663,"ASSORTED BOTTLE TOP  MAGNETS ",NULL
539248,"TRADITIONAL MODELLING CLAY",NULL
538887,"JUMBO STORAGE BAG SKULLS",NULL
543167,"PAPER BUNTING RETROSPOT",NULL
537642,"NAMASTE SWAGAT INCENSE",NULL
540275,"DOORMAT HEARTS",NULL
539295,"POLKADOT PEN",NULL
542377,"HAND WARMER UNION JACK",NULL
543260,"PAPER CHAIN KIT VINTAGE CHRISTMAS",NULL
537126,"SINGLE HEART ZINC T-LIGHT HOLDER",NULL
542617,"WATERING CAN BLUE ELEPHANT",NULL
539001,"SUKI  SHOULDER BAG",NULL
540682,"CERAMIC CAKE DESIGN SPOTTED MUG",NULL
542581,"BANK ACCOUNT  GREETING  CARD ",NULL
542263,"SCOTTIE DOG HOT WATER BOTTLE",NULL
542245,"NATURAL SLATE HEART CHALKBOARD ",NULL
538646,"PACK OF 12 RED RETROSPOT TISSUES ",NULL
543238,"CHOCOLATE HOT WATER BOTTLE",NULL
538041,"IVORY GIANT GARDEN THERMOMETER",NULL
538567,"RETROSPOT CHILDRENS APRON",NULL
540150,"HOT WATER BOTTLE BABUSHKA ",NULL
542645,"FELTCRAFT CUSHION BUTTERFLY",NULL
538865,"MINI PAINT SET VINTAGE ",NULL
541817,"SCOTTIE DOGS BABY BIB",NULL
542155,"VICTORIAN GLASS HANGING T-LIGHT",NULL
537798,"STAR  T-LIGHT HOLDER ",NULL
536818,"EDWARDIAN PARASOL RED",NULL
541990,"BLACK VINTAGE EARRINGS",NULL
541105,"RED RETROSPOT PUDDING BOWL",NULL
538669,"LARGE POPCORN HOLDER ",NULL
536798,"WHITE HANGING HEART T-LIGHT HOLDER",NULL
540389,"BLUE GEISHA GIRL ",NULL
537157,"SLEEPING CAT ERASERS",NULL
543194,"JUMBO BAG RED RETROSPOT",NULL
537691,"GREEN GIANT GARDEN THERMOMETER",NULL
537240,"LARGE POPCORN HOLDER ",NULL
541865,"ENGLISH ROSE NOTEBOOK A7 SIZE",NULL
542374,"GLASS STAR FROSTED T-LIGHT HOLDER",NULL
539333,"HERB MARKER CHIVES ",NULL
537334,"FELTCRAFT CHRISTMAS FAIRY",NULL
541370,"COFFEE MUG BLUE PAISLEY DESIGN",NULL
538364,"PAPER CHAIN KIT LONDON",NULL
542737,"WOOD S/3 CABINET ANT WHITE FINISH",NULL
538183,"GREEN REGENCY TEACUP AND SAUCER",NULL
540462,"VINTAGE BILLBOARD DRINK ME MUG",NULL
539302,"LARGE PURPLE BABUSHKA NOTEBOOK  ",NULL
543024,"JAZZ HEARTS PURSE NOTEBOOK",NULL
540998,"WHITE BELL HONEYCOMB PAPER ",NULL
537883,"MIRRORED WALL ART FOXY",NULL
539337,"METAL DECORATION NAUGHTY CHILDREN ",NULL
538899,"DECORATIVE CATS BATHROOM BOTTLE",NULL
538880,"LUNCH BAG SUKI  DESIGN ",NULL
537856,"36 PENCILS TUBE WOODLAND",NULL
